,count,mean,std,min,25%,50%,75%,max
math_scores,4.0,65.0,10.801234497346433,50.0,61.25,67.5,71.25,75.0
chemistry_scores,4.0,77.5,10.408329997330663,65.0,72.5,77.5,82.5,90.0
information_technology_scores,4.0,50.0,10.801234497346433,40.0,43.75,47.5,53.75,65.0
physics_scores,4.0,58.75,15.478479684172259,45.0,48.75,55.0,65.0,80.0
total_score,4.0,251.25,4.7871355387816905,245.0,248.75,252.5,255.0,255.0
avg_score,4.0,62.8125,1.1967838846954226,61.25,62.1875,63.125,63.75,63.75
